1,0.0,0.0,0.0,0.0,0.5,0.5,0.0,0.5,0.5,1
2,0.0,0.0,0.0,0.0,0.5,0.5,0.5,0.0,0.5,1
3,0.0,0.0,0.0,0.0,0.5,0.5,0.5,0.5,0.0,1
4,0.0,0.0,0.0,0.0,0.5,0.5,0.5,1.0,1.0,1
5,0.0,0.0,0.0,0.0,0.5,0.5,1.0,0.5,1.0,1
6,0.0,0.0,0.0,0.0,0.5,0.5,1.0,1.0,0.5,1
7,0.0,0.0,0.0,0.0,0.5,1.0,0.5,0.5,1.0,1
8,0.0,0.0,0.0,0.0,0.5,1.0,0.5,1.0,0.5,1
9,0.0,0.0,0.0,0.0,0.5,1.0,1.0,0.5,0.5,1
10,0.0,0.0,0.0,0.0,1.0,0.5,0.5,0.5,1.0,1
11,0.0,0.0,0.0,0.0,1.0,0.5,0.5,1.0,0.5,1
12,0.0,0.0,0.0,0.0,1.0,0.5,1.0,0.5,0.5,1
13,0.0,0.0,0.0,0.5,0.0,0.5,0.0,0.5,0.5,1
14,0.0,0.0,0.0,0.5,0.0,0.5,0.5,0.0,0.5,1
15,0.0,0.0,0.0,0.5,0.0,0.5,0.5,0.5,0.0,1
16,0.0,0.0,0.0,0.5,0.0,0.5,0.5,1.0,1.0,1
17,0.0,0.0,0.0,0.5,0.0,0.5,1.0,0.5,1.0,1
18,0.0,0.0,0.0,0.5,0.0,0.5,1.0,1.0,0.5,1
19,0.0,0.0,0.0,0.5,0.0,1.0,0.5,0.5,1.0,1
20,0.0,0.0,0.0,0.5,0.0,1.0,0.5,1.0,0.5,1
21,0.0,0.0,0.0,0.5,0.0,1.0,1.0,0.5,0.5,1
22,0.0,0.0,0.0,0.5,0.5,0.0,0.0,0.5,0.5,1
23,0.0,0.0,0.0,0.5,0.5,0.0,0.5,0.0,0.5,1
24,0.0,0.0,0.0,0.5,0.5,0.0,0.5,0.5,0.0,1
25,0.0,0.0,0.0,0.5,0.5,0.0,0.5,1.0,1.0,1
26,0.0,0.0,0.0,0.5,0.5,0.0,1.0,0.5,1.0,1
27,0.0,0.0,0.0,0.5,0.5,0.0,1.0,1.0,0.5,1
28,0.0,0.0,0.0,0.5,0.5,1.0,0.0,0.5,1.0,1
29,0.0,0.0,0.0,0.5,0.5,1.0,0.0,1.0,0.5,1
30,0.0,0.0,0.0,0.5,0.5,1.0,0.5,0.0,1.0,1
31,0.0,0.0,0.0,0.5,0.5,1.0,0.5,1.0,0.0,1
32,0.0,0.0,0.0,0.5,0.5,1.0,1.0,0.0,0.5,1
33,0.0,0.0,0.0,0.5,0.5,1.0,1.0,0.5,0.0,1
34,0.0,0.0,0.0,0.5,0.5,1.0,1.0,1.0,1.0,1
35,0.0,0.0,0.0,0.5,1.0,0.0,0.5,0.5,1.0,1
36,0.0,0.0,0.0,0.5,1.0,0.0,0.5,1.0,0.5,1
37,0.0,0.0,0.0,0.5,1.0,0.0,1.0,0.5,0.5,1
38,0.0,0.0,0.0,0.5,1.0,0.5,0.0,0.5,1.0,1
39,0.0,0.0,0.0,0.5,1.0,0.5,0.0,1.0,0.5,1
40,0.0,0.0,0.0,0.5,1.0,0.5,0.5,0.0,1.0,1
41,0.0,0.0,0.0,0.5,1.0,0.5,0.5,1.0,0.0,1
42,0.0,0.0,0.0,0.5,1.0,0.5,1.0,0.0,0.5,1
43,0.0,0.0,0.0,0.5,1.0,0.5,1.0,0.5,0.0,1
44,0.0,0.0,0.0,0.5,1.0,0.5,1.0,1.0,1.0,1
45,0.0,0.0,0.0,0.5,1.0,1.0,0.0,0.5,0.5,1
46,0.0,0.0,0.0,0.5,1.0,1.0,0.5,0.0,0.5,1
47,0.0,0.0,0.0,0.5,1.0,1.0,0.5,0.5,0.0,1
48,0.0,0.0,0.0,0.5,1.0,1.0,0.5,1.0,1.0,1
49,0.0,0.0,0.0,0.5,1.0,1.0,1.0,0.5,1.0,1
50,0.0,0.0,0.0,0.5,1.0,1.0,1.0,1.0,0.5,1
51,0.0,0.0,0.0,1.0,0.0,0.5,0.5,0.5,1.0,1
52,0.0,0.0,0.0,1.0,0.0,0.5,0.5,1.0,0.5,1
53,0.0,0.0,0.0,1.0,0.0,0.5,1.0,0.5,0.5,1
54,0.0,0.0,0.0,1.0,0.5,0.0,0.5,0.5,1.0,1
55,0.0,0.0,0.0,1.0,0.5,0.0,0.5,1.0,0.5,1
56,0.0,0.0,0.0,1.0,0.5,0.0,1.0,0.5,0.5,1
57,0.0,0.0,0.0,1.0,0.5,0.5,0.0,0.5,1.0,1
58,0.0,0.0,0.0,1.0,0.5,0.5,0.0,1.0,0.5,1
59,0.0,0.0,0.0,1.0,0.5,0.5,0.5,0.0,1.0,1
60,0.0,0.0,0.0,1.0,0.5,0.5,0.5,1.0,0.0,1
61,0.0,0.0,0.0,1.0,0.5,0.5,1.0,0.0,0.5,1
62,0.0,0.0,0.0,1.0,0.5,0.5,1.0,0.5,0.0,1
63,0.0,0.0,0.0,1.0,0.5,0.5,1.0,1.0,1.0,1
64,0.0,0.0,0.0,1.0,0.5,1.0,0.0,0.5,0.5,1
65,0.0,0.0,0.0,1.0,0.5,1.0,0.5,0.0,0.5,1
66,0.0,0.0,0.0,1.0,0.5,1.0,0.5,0.5,0.0,1
67,0.0,0.0,0.0,1.0,0.5,1.0,0.5,1.0,1.0,1
68,0.0,0.0,0.0,1.0,0.5,1.0,1.0,0.5,1.0,1
69,0.0,0.0,0.0,1.0,0.5,1.0,1.0,1.0,0.5,1
70,0.0,0.0,0.0,1.0,1.0,0.5,0.0,0.5,0.5,1
71,0.0,0.0,0.0,1.0,1.0,0.5,0.5,0.0,0.5,1
72,0.0,0.0,0.0,1.0,1.0,0.5,0.5,0.5,0.0,1
73,0.0,0.0,0.0,1.0,1.0,0.5,0.5,1.0,1.0,1
74,0.0,0.0,0.0,1.0,1.0,0.5,1.0,0.5,1.0,1
75,0.0,0.0,0.0,1.0,1.0,0.5,1.0,1.0,0.5,1
76,0.0,0.0,0.0,1.0,1.0,1.0,0.5,0.5,1.0,1
77,0.0,0.0,0.0,1.0,1.0,1.0,0.5,1.0,0.5,1
78,0.0,0.0,0.0,1.0,1.0,1.0,1.0,0.5,0.5,1
79,0.0,0.0,0.5,0.0,0.0,0.5,0.5,0.5,0.0,1
80,0.0,0.0,0.5,0.0,0.5,0.0,0.0,0.5,0.5,1
81,0.0,0.0,0.5,0.0,0.5,0.5,0.0,0.5,0.0,1
82,0.0,0.0,0.5,0.0,0.5,0.5,0.0,1.0,1.0,1
83,0.0,0.0,0.5,0.0,0.5,1.0,0.0,0.5,1.0,1
84,0.0,0.0,0.5,0.0,0.5,1.0,0.0,1.0,0.5,1
85,0.0,0.0,0.5,0.0,1.0,0.5,0.0,0.5,1.0,1
86,0.0,0.0,0.5,0.0,1.0,1.0,0.0,0.5,0.5,1
87,0.0,0.0,0.5,0.5,0.0,0.0,0.5,0.0,0.5,1
88,0.0,0.0,0.5,0.5,0.0,0.0,0.5,0.5,0.0,1
89,0.0,0.0,0.5,0.5,0.0,0.5,0.0,0.5,0.0,1
90,0.0,0.0,0.5,0.5,0.0,0.5,0.5,0.0,0.0,1
91,0.0,0.0,0.5,0.5,0.0,0.5,1.0,0.0,1.0,1
92,0.0,0.0,0.5,0.5,0.0,0.5,1.0,1.0,0.0,1
93,0.0,0.0,0.5,0.5,0.0,1.0,0.5,0.0,1.0,1
94,0.0,0.0,0.5,0.5,0.0,1.0,0.5,1.0,0.0,1
95,0.0,0.0,0.5,0.5,0.0,1.0,1.0,0.0,0.5,1
96,0.0,0.0,0.5,0.5,0.0,1.0,1.0,0.5,0.0,1
97,0.0,0.0,0.5,1.0,0.0,0.5,0.5,0.0,1.0,1
98,0.0,0.0,0.5,1.0,0.0,0.5,0.5,1.0,0.0,1
99,0.0,0.0,0.5,1.0,0.0,0.5,1.0,0.5,0.0,1
100,0.0,0.0,0.5,1.0,0.0,1.0,0.5,0.0,0.5,1
101,0.0,0.0,0.5,1.0,0.0,1.0,0.5,0.5,0.0,1
102,0.0,0.0,1.0,0.0,0.5,0.5,0.0,0.5,1.0,1
103,0.0,0.0,1.0,0.0,0.5,0.5,0.0,1.0,0.5,1
104,0.0,0.0,1.0,0.0,0.5,1.0,0.0,0.5,0.5,1
105,0.0,0.0,1.0,0.0,1.0,0.5,0.0,0.5,0.5,1
106,0.0,0.0,1.0,0.5,0.0,0.5,0.5,0.0,1.0,1
107,0.0,0.0,1.0,0.5,0.0,0.5,0.5,1.0,0.0,1
108,0.0,0.0,1.0,0.5,0.0,0.5,1.0,0.0,0.5,1
109,0.0,0.0,1.0,0.5,0.0,0.5,1.0,0.5,0.0,1
110,0.0,0.0,1.0,0.5,0.0,1.0,0.5,0.0,0.5,1
111,0.0,0.0,1.0,0.5,0.0,1.0,0.5,0.5,0.0,1
112,0.0,0.0,1.0,1.0,0.0,0.5,0.5,0.0,0.5,1
113,0.0,0.0,1.0,1.0,0.0,0.5,0.5,0.5,0.0,1
114,0.0,0.5,0.0,0.0,0.0,0.5,0.0,0.5,0.5,1
115,0.0,0.5,0.0,0.0,0.0,0.5,0.5,0.5,0.0,1
116,0.0,0.5,0.0,0.0,0.5,0.5,0.0,0.0,0.5,1
117,0.0,0.5,0.0,0.0,0.5,0.5,0.0,1.0,1.0,1
118,0.0,0.5,0.0,0.0,0.5,1.0,0.0,1.0,0.5,1
119,0.0,0.5,0.0,0.0,1.0,0.5,0.0,0.5,1.0,1
120,0.0,0.5,0.0,0.0,1.0,0.5,0.0,1.0,0.5,1
121,0.0,0.5,0.0,0.0,1.0,1.0,0.0,0.5,0.5,1
122,0.0,0.5,0.0,0.5,0.0,0.0,0.0,0.5,0.5,1
123,0.0,0.5,0.0,0.5,0.0,0.0,0.5,0.5,0.0,1
124,0.0,0.5,0.0,0.5,0.0,0.5,0.0,0.0,0.5,1
125,0.0,0.5,0.0,0.5,0.0,0.5,0.0,0.5,0.0,1
126,0.0,0.5,0.0,0.5,0.0,0.5,0.0,1.0,1.0,1
127,0.0,0.5,0.0,0.5,0.0,0.5,0.5,0.0,0.0,1
128,0.0,0.5,0.0,0.5,0.0,0.5,1.0,1.0,0.0,1
129,0.0,0.5,0.0,0.5,0.0,1.0,0.0,0.5,1.0,1
130,0.0,0.5,0.0,0.5,0.0,1.0,0.0,1.0,0.5,1
131,0.0,0.5,0.0,0.5,0.0,1.0,0.5,1.0,0.0,1
132,0.0,0.5,0.0,0.5,0.0,1.0,1.0,0.5,0.0,1
133,0.0,0.5,0.0,0.5,0.5,0.0,0.5,0.0,0.0,1
134,0.0,0.5,0.0,0.5,0.5,0.0,1.0,1.0,0.0,1
135,0.0,0.5,0.0,0.5,1.0,0.0,0.5,1.0,0.0,1
136,0.0,0.5,0.0,0.5,1.0,0.0,1.0,0.5,0.0,1
137,0.0,0.5,0.0,1.0,0.0,0.5,0.0,0.5,1.0,1
138,0.0,0.5,0.0,1.0,0.0,0.5,0.0,1.0,0.5,1
139,0.0,0.5,0.0,1.0,0.0,0.5,0.5,1.0,0.0,1
140,0.0,0.5,0.0,1.0,0.0,0.5,1.0,0.5,0.0,1
141,0.0,0.5,0.0,1.0,0.0,1.0,0.0,0.5,0.5,1
142,0.0,0.5,0.0,1.0,0.0,1.0,0.5,0.5,0.0,1
143,0.0,0.5,0.0,1.0,0.5,0.0,0.5,1.0,0.0,1
144,0.0,0.5,0.0,1.0,1.0,0.0,0.5,0.5,0.0,1
145,0.0,0.5,0.5,0.0,0.0,0.0,0.0,0.5,0.5,1
146,0.0,0.5,0.5,0.0,0.0,0.0,0.5,0.0,0.5,1
147,0.0,0.5,0.5,0.0,0.0,0.0,0.5,0.5,0.0,1
148,0.0,0.5,0.5,0.0,0.0,0.0,0.5,1.0,1.0,1
149,0.0,0.5,0.5,0.0,0.0,0.0,1.0,0.5,1.0,1
150,0.0,0.5,0.5,0.0,0.0,0.0,1.0,1.0,0.5,1
151,0.0,0.5,0.5,0.0,0.0,0.5,0.0,0.5,0.0,1
152,0.0,0.5,0.5,0.0,0.0,0.5,0.0,1.0,1.0,1
153,0.0,0.5,0.5,0.0,0.0,0.5,0.5,0.0,0.0,1
154,0.0,0.5,0.5,0.0,0.0,0.5,1.0,1.0,0.0,1
155,0.0,0.5,0.5,0.0,0.0,1.0,0.0,0.5,1.0,1
156,0.0,0.5,0.5,0.0,0.0,1.0,0.0,1.0,0.5,1
157,0.0,0.5,0.5,0.0,0.0,1.0,0.5,1.0,0.0,1
158,0.0,0.5,0.5,0.0,0.0,1.0,1.0,0.5,0.0,1
159,0.0,0.5,0.5,0.0,0.5,0.0,0.0,0.0,0.5,1
160,0.0,0.5,0.5,0.0,0.5,0.0,0.0,1.0,1.0,1
161,0.0,0.5,0.5,0.0,0.5,0.5,0.0,0.0,0.0,1
162,0.0,0.5,0.5,0.0,0.5,1.0,0.0,0.0,1.0,1
163,0.0,0.5,0.5,0.0,0.5,1.0,0.0,1.0,0.0,1
164,0.0,0.5,0.5,0.0,1.0,0.0,0.0,0.5,1.0,1
165,0.0,0.5,0.5,0.0,1.0,0.0,0.0,1.0,0.5,1
166,0.0,0.5,0.5,0.0,1.0,0.5,0.0,0.0,1.0,1
167,0.0,0.5,0.5,0.0,1.0,0.5,0.0,1.0,0.0,1
168,0.0,0.5,0.5,0.0,1.0,1.0,0.0,0.0,0.5,1
169,0.0,0.5,0.5,0.0,1.0,1.0,0.0,0.5,0.0,1
170,0.0,0.5,0.5,0.0,1.0,1.0,0.0,1.0,1.0,1
171,0.0,0.5,0.5,0.5,0.0,0.0,0.0,0.5,0.0,1
172,0.0,0.5,0.5,0.5,0.0,0.0,0.5,0.0,0.0,1
173,0.0,0.5,0.5,0.5,0.0,0.0,1.0,1.0,0.0,1
174,0.0,0.5,0.5,0.5,0.0,0.5,0.0,0.0,0.0,1
175,0.0,0.5,0.5,0.5,0.0,1.0,0.0,1.0,0.0,1
176,0.0,0.5,0.5,0.5,0.0,1.0,1.0,0.0,0.0,1
177,0.0,0.5,0.5,0.5,0.5,0.0,0.0,0.0,0.0,1
178,0.0,0.5,0.5,0.5,1.0,1.0,0.0,0.0,0.0,1
179,0.0,0.5,0.5,1.0,0.0,0.0,0.5,1.0,0.0,1
180,0.0,0.5,0.5,1.0,0.0,0.0,1.0,0.5,0.0,1
181,0.0,0.5,0.5,1.0,0.0,0.5,0.0,1.0,0.0,1
182,0.0,0.5,0.5,1.0,0.0,0.5,1.0,0.0,0.0,1
183,0.0,0.5,0.5,1.0,0.0,1.0,0.0,0.5,0.0,1
184,0.0,0.5,0.5,1.0,0.0,1.0,0.5,0.0,0.0,1
185,0.0,0.5,0.5,1.0,0.0,1.0,1.0,1.0,0.0,1
186,0.0,0.5,0.5,1.0,0.5,1.0,0.0,0.0,0.0,1
187,0.0,0.5,0.5,1.0,1.0,0.5,0.0,0.0,0.0,1
188,0.0,0.5,1.0,0.0,0.0,0.0,0.5,0.5,1.0,1
189,0.0,0.5,1.0,0.0,0.0,0.0,0.5,1.0,0.5,1
190,0.0,0.5,1.0,0.0,0.0,0.0,1.0,0.5,0.5,1
191,0.0,0.5,1.0,0.0,0.0,0.5,0.0,0.5,1.0,1
192,0.0,0.5,1.0,0.0,0.0,0.5,0.0,1.0,0.5,1
193,0.0,0.5,1.0,0.0,0.0,0.5,0.5,1.0,0.0,1
194,0.0,0.5,1.0,0.0,0.0,0.5,1.0,0.5,0.0,1
195,0.0,0.5,1.0,0.0,0.0,1.0,0.0,0.5,0.5,1
196,0.0,0.5,1.0,0.0,0.0,1.0,0.5,0.5,0.0,1
197,0.0,0.5,1.0,0.0,0.5,0.0,0.0,1.0,0.5,1
198,0.0,0.5,1.0,0.0,0.5,0.5,0.0,0.0,1.0,1
199,0.0,0.5,1.0,0.0,0.5,0.5,0.0,1.0,0.0,1
200,0.0,0.5,1.0,0.0,0.5,1.0,0.0,0.0,0.5,1
201,0.0,0.5,1.0,0.0,0.5,1.0,0.0,1.0,1.0,1
202,0.0,0.5,1.0,0.0,1.0,0.0,0.0,0.5,0.5,1
203,0.0,0.5,1.0,0.0,1.0,0.5,0.0,0.0,0.5,1
204,0.0,0.5,1.0,0.0,1.0,0.5,0.0,0.5,0.0,1
205,0.0,0.5,1.0,0.0,1.0,0.5,0.0,1.0,1.0,1
206,0.0,0.5,1.0,0.0,1.0,1.0,0.0,0.5,1.0,1
207,0.0,0.5,1.0,0.0,1.0,1.0,0.0,1.0,0.5,1
208,0.0,0.5,1.0,0.5,0.0,0.0,0.5,1.0,0.0,1
209,0.0,0.5,1.0,0.5,0.0,0.0,1.0,0.5,0.0,1
210,0.0,0.5,1.0,0.5,0.0,0.5,0.0,1.0,0.0,1
211,0.0,0.5,1.0,0.5,0.0,0.5,1.0,0.0,0.0,1
212,0.0,0.5,1.0,0.5,0.0,1.0,0.0,0.5,0.0,1
213,0.0,0.5,1.0,0.5,0.0,1.0,0.5,0.0,0.0,1
214,0.0,0.5,1.0,0.5,0.0,1.0,1.0,1.0,0.0,1
215,0.0,0.5,1.0,0.5,0.5,1.0,0.0,0.0,0.0,1
216,0.0,0.5,1.0,0.5,1.0,0.5,0.0,0.0,0.0,1
217,0.0,0.5,1.0,1.0,0.0,0.0,0.5,0.5,0.0,1
218,0.0,0.5,1.0,1.0,0.0,0.5,0.0,0.5,0.0,1
219,0.0,0.5,1.0,1.0,0.0,0.5,0.5,0.0,0.0,1
220,0.0,0.5,1.0,1.0,0.0,0.5,1.0,1.0,0.0,1
221,0.0,0.5,1.0,1.0,0.0,1.0,0.5,1.0,0.0,1
222,0.0,0.5,1.0,1.0,0.0,1.0,1.0,0.5,0.0,1
223,0.0,0.5,1.0,1.0,0.5,0.5,0.0,0.0,0.0,1
224,0.0,1.0,0.0,0.0,0.5,0.5,0.0,0.5,1.0,1
225,0.0,1.0,0.0,0.0,0.5,0.5,0.0,1.0,0.5,1
226,0.0,1.0,0.0,0.0,0.5,1.0,0.0,0.5,0.5,1
227,0.0,1.0,0.0,0.0,1.0,0.5,0.0,0.5,0.5,1
228,0.0,1.0,0.0,0.5,0.0,0.5,0.0,0.5,1.0,1
229,0.0,1.0,0.0,0.5,0.0,0.5,0.0,1.0,0.5,1
230,0.0,1.0,0.0,0.5,0.0,0.5,0.5,1.0,0.0,1
231,0.0,1.0,0.0,0.5,0.0,0.5,1.0,0.5,0.0,1
232,0.0,1.0,0.0,0.5,0.0,1.0,0.0,0.5,0.5,1
233,0.0,1.0,0.0,0.5,0.0,1.0,0.5,0.5,0.0,1
234,0.0,1.0,0.0,0.5,0.5,0.0,0.5,1.0,0.0,1
235,0.0,1.0,0.0,0.5,0.5,0.0,1.0,0.5,0.0,1
236,0.0,1.0,0.0,0.5,1.0,0.0,0.5,0.5,0.0,1
237,0.0,1.0,0.0,1.0,0.0,0.5,0.0,0.5,0.5,1
238,0.0,1.0,0.0,1.0,0.0,0.5,0.5,0.5,0.0,1
239,0.0,1.0,0.0,1.0,0.5,0.0,0.5,0.5,0.0,1
240,0.0,1.0,0.5,0.0,0.0,0.0,0.5,0.5,1.0,1
241,0.0,1.0,0.5,0.0,0.0,0.0,0.5,1.0,0.5,1
242,0.0,1.0,0.5,0.0,0.0,0.0,1.0,0.5,0.5,1
243,0.0,1.0,0.5,0.0,0.0,0.5,0.0,0.5,1.0,1
244,0.0,1.0,0.5,0.0,0.0,0.5,0.5,1.0,0.0,1
245,0.0,1.0,0.5,0.0,0.0,0.5,1.0,0.5,0.0,1
246,0.0,1.0,0.5,0.0,0.0,1.0,0.0,0.5,0.5,1
247,0.0,1.0,0.5,0.0,0.0,1.0,0.5,0.5,0.0,1
248,0.0,1.0,0.5,0.0,0.5,0.0,0.0,0.5,1.0,1
249,0.0,1.0,0.5,0.0,0.5,0.0,0.0,1.0,0.5,1
250,0.0,1.0,0.5,0.0,0.5,0.5,0.0,0.0,1.0,1
251,0.0,1.0,0.5,0.0,0.5,0.5,0.0,1.0,0.0,1
252,0.0,1.0,0.5,0.0,0.5,1.0,0.0,0.0,0.5,1
253,0.0,1.0,0.5,0.0,0.5,1.0,0.0,0.5,0.0,1
254,0.0,1.0,0.5,0.0,0.5,1.0,0.0,1.0,1.0,1
255,0.0,1.0,0.5,0.0,1.0,0.0,0.0,0.5,0.5,1
256,0.0,1.0,0.5,0.0,1.0,0.5,0.0,0.5,0.0,1
257,0.0,1.0,0.5,0.0,1.0,0.5,0.0,1.0,1.0,1
258,0.0,1.0,0.5,0.0,1.0,1.0,0.0,0.5,1.0,1
259,0.0,1.0,0.5,0.0,1.0,1.0,0.0,1.0,0.5,1
260,0.0,1.0,0.5,0.5,0.0,0.0,0.5,1.0,0.0,1
261,0.0,1.0,0.5,0.5,0.0,0.0,1.0,0.5,0.0,1
262,0.0,1.0,0.5,0.5,0.0,0.5,0.0,1.0,0.0,1
263,0.0,1.0,0.5,0.5,0.0,0.5,1.0,0.0,0.0,1
264,0.0,1.0,0.5,0.5,0.0,1.0,0.0,0.5,0.0,1
265,0.0,1.0,0.5,0.5,0.0,1.0,0.5,0.0,0.0,1
266,0.0,1.0,0.5,0.5,0.0,1.0,1.0,1.0,0.0,1
267,0.0,1.0,0.5,0.5,0.5,1.0,0.0,0.0,0.0,1
268,0.0,1.0,0.5,0.5,1.0,0.5,0.0,0.0,0.0,1
269,0.0,1.0,0.5,1.0,0.0,0.0,0.5,0.5,0.0,1
270,0.0,1.0,0.5,1.0,0.0,0.5,0.0,0.5,0.0,1
271,0.0,1.0,0.5,1.0,0.0,0.5,0.5,0.0,0.0,1
272,0.0,1.0,0.5,1.0,0.0,0.5,1.0,1.0,0.0,1
273,0.0,1.0,0.5,1.0,0.0,1.0,0.5,1.0,0.0,1
274,0.0,1.0,0.5,1.0,0.0,1.0,1.0,0.5,0.0,1
275,0.0,1.0,0.5,1.0,0.5,0.5,0.0,0.0,0.0,1
276,0.0,1.0,1.0,0.0,0.0,0.5,0.0,0.5,0.5,1
277,0.0,1.0,1.0,0.0,0.0,0.5,0.5,0.5,0.0,1
278,0.0,1.0,1.0,0.0,0.5,0.0,0.0,0.5,0.5,1
279,0.0,1.0,1.0,0.0,0.5,0.5,0.0,0.0,0.5,1
280,0.0,1.0,1.0,0.0,0.5,0.5,0.0,0.5,0.0,1
281,0.0,1.0,1.0,0.0,0.5,0.5,0.0,1.0,1.0,1
282,0.0,1.0,1.0,0.0,0.5,1.0,0.0,0.5,1.0,1
283,0.0,1.0,1.0,0.0,0.5,1.0,0.0,1.0,0.5,1
284,0.0,1.0,1.0,0.0,1.0,0.5,0.0,0.5,1.0,1
285,0.0,1.0,1.0,0.0,1.0,0.5,0.0,1.0,0.5,1
286,0.0,1.0,1.0,0.0,1.0,1.0,0.0,0.5,0.5,1
287,0.0,1.0,1.0,0.5,0.0,0.0,0.5,0.5,0.0,1
288,0.0,1.0,1.0,0.5,0.0,0.5,0.0,0.5,0.0,1
289,0.0,1.0,1.0,0.5,0.0,0.5,0.5,0.0,0.0,1
290,0.0,1.0,1.0,0.5,0.0,0.5,1.0,1.0,0.0,1
291,0.0,1.0,1.0,0.5,0.0,1.0,0.5,1.0,0.0,1
292,0.0,1.0,1.0,0.5,0.0,1.0,1.0,0.5,0.0,1
293,0.0,1.0,1.0,1.0,0.0,0.5,0.5,1.0,0.0,1
294,0.0,1.0,1.0,1.0,0.0,0.5,1.0,0.5,0.0,1
295,0.0,1.0,1.0,1.0,0.0,1.0,0.5,0.5,0.0,1
296,0.5,0.0,0.0,0.0,0.0,0.5,0.0,0.5,0.5,1
297,0.5,0.0,0.0,0.0,0.0,0.5,0.5,0.0,0.5,1
298,0.5,0.0,0.0,0.0,0.5,0.0,0.5,0.5,0.0,1
299,0.5,0.0,0.0,0.5,0.0,0.0,0.0,0.5,0.5,1
300,0.5,0.0,0.0,0.5,0.0,0.5,0.0,0.0,0.5,1
301,0.5,0.0,0.0,0.5,0.0,0.5,0.0,0.5,0.0,1
302,0.5,0.0,0.0,0.5,0.0,0.5,0.0,1.0,1.0,1
303,0.5,0.0,0.0,0.5,0.0,0.5,1.0,0.0,1.0,1
304,0.5,0.0,0.0,0.5,0.0,1.0,0.0,0.5,1.0,1
305,0.5,0.0,0.0,0.5,0.0,1.0,0.0,1.0,0.5,1
306,0.5,0.0,0.0,0.5,0.0,1.0,1.0,0.0,0.5,1
307,0.5,0.0,0.0,0.5,0.5,0.0,0.0,0.5,0.0,1
308,0.5,0.0,0.0,0.5,0.5,0.0,1.0,1.0,0.0,1
309,0.5,0.0,0.0,0.5,1.0,0.0,1.0,0.5,0.0,1
310,0.5,0.0,0.0,1.0,0.0,0.5,0.0,0.5,1.0,1
311,0.5,0.0,0.0,1.0,0.0,0.5,0.0,1.0,0.5,1
312,0.5,0.0,0.0,1.0,0.0,0.5,0.5,0.0,1.0,1
313,0.5,0.0,0.0,1.0,0.0,0.5,1.0,0.0,0.5,1
314,0.5,0.0,0.0,1.0,0.0,1.0,0.0,0.5,0.5,1
315,0.5,0.0,0.0,1.0,0.0,1.0,0.5,0.0,0.5,1
316,0.5,0.0,0.0,1.0,0.5,0.0,0.5,1.0,0.0,1
317,0.5,0.0,0.0,1.0,0.5,0.0,1.0,0.5,0.0,1
318,0.5,0.0,0.0,1.0,1.0,0.0,0.5,0.5,0.0,1
319,0.5,0.0,0.5,0.0,0.0,0.0,0.0,0.5,0.5,1
320,0.5,0.0,0.5,0.0,0.0,0.0,0.5,0.0,0.5,1
321,0.5,0.0,0.5,0.0,0.0,0.0,0.5,0.5,0.0,1
322,0.5,0.0,0.5,0.0,0.0,0.0,0.5,1.0,1.0,1
323,0.5,0.0,0.5,0.0,0.0,0.0,1.0,0.5,1.0,1
324,0.5,0.0,0.5,0.0,0.0,0.0,1.0,1.0,0.5,1
325,0.5,0.0,0.5,0.0,0.0,0.5,0.5,0.0,0.0,1
326,0.5,0.0,0.5,0.0,0.0,0.5,1.0,0.0,1.0,1
327,0.5,0.0,0.5,0.0,0.0,1.0,0.5,0.0,1.0,1
328,0.5,0.0,0.5,0.0,0.0,1.0,1.0,0.0,0.5,1
329,0.5,0.0,0.5,0.0,0.5,0.5,0.0,0.0,0.0,1
330,0.5,0.0,0.5,0.5,0.0,0.0,0.0,0.0,0.5,1
331,0.5,0.0,0.5,0.5,0.0,0.0,1.0,0.0,1.0,1
332,0.5,0.0,0.5,0.5,0.0,0.5,0.0,0.0,0.0,1
333,0.5,0.0,0.5,0.5,0.0,1.0,0.0,0.0,1.0,1
334,0.5,0.0,0.5,0.5,0.0,1.0,1.0,0.0,0.0,1
335,0.5,0.0,0.5,0.5,0.5,0.0,0.0,0.0,0.0,1
336,0.5,0.0,0.5,0.5,1.0,1.0,0.0,0.0,0.0,1
337,0.5,0.0,0.5,1.0,0.0,0.0,0.5,0.0,1.0,1
338,0.5,0.0,0.5,1.0,0.0,0.0,1.0,0.0,0.5,1
339,0.5,0.0,0.5,1.0,0.0,0.5,0.0,0.0,1.0,1
340,0.5,0.0,0.5,1.0,0.0,0.5,1.0,0.0,0.0,1
341,0.5,0.0,0.5,1.0,0.0,1.0,0.0,0.0,0.5,1
342,0.5,0.0,0.5,1.0,0.0,1.0,0.5,0.0,0.0,1
343,0.5,0.0,0.5,1.0,0.0,1.0,1.0,0.0,1.0,1
344,0.5,0.0,0.5,1.0,0.5,1.0,0.0,0.0,0.0,1
345,0.5,0.0,0.5,1.0,1.0,0.5,0.0,0.0,0.0,1
346,0.5,0.0,1.0,0.0,0.0,0.0,0.5,0.5,1.0,1
347,0.5,0.0,1.0,0.0,0.0,0.0,0.5,1.0,0.5,1
348,0.5,0.0,1.0,0.0,0.0,0.0,1.0,0.5,0.5,1
349,0.5,0.0,1.0,0.0,0.0,0.5,0.5,0.0,1.0,1
350,0.5,0.0,1.0,0.0,0.0,0.5,1.0,0.0,0.5,1
351,0.5,0.0,1.0,0.0,0.0,1.0,0.5,0.0,0.5,1
352,0.5,0.0,1.0,0.5,0.0,0.0,1.0,0.0,0.5,1
353,0.5,0.0,1.0,0.5,0.0,0.5,0.0,0.0,1.0,1
354,0.5,0.0,1.0,0.5,0.0,0.5,1.0,0.0,0.0,1
355,0.5,0.0,1.0,0.5,0.0,1.0,0.0,0.0,0.5,1
356,0.5,0.0,1.0,0.5,0.0,1.0,1.0,0.0,1.0,1
357,0.5,0.0,1.0,0.5,0.5,1.0,0.0,0.0,0.0,1
358,0.5,0.0,1.0,0.5,1.0,0.5,0.0,0.0,0.0,1
359,0.5,0.0,1.0,1.0,0.0,0.0,0.5,0.0,0.5,1
360,0.5,0.0,1.0,1.0,0.0,0.5,0.0,0.0,0.5,1
361,0.5,0.0,1.0,1.0,0.0,0.5,0.5,0.0,0.0,1
362,0.5,0.0,1.0,1.0,0.0,0.5,1.0,0.0,1.0,1
363,0.5,0.0,1.0,1.0,0.0,1.0,0.5,0.0,1.0,1
364,0.5,0.0,1.0,1.0,0.0,1.0,1.0,0.0,0.5,1
365,0.5,0.0,1.0,1.0,0.5,0.5,0.0,0.0,0.0,1
366,0.5,0.5,0.0,0.0,0.0,0.0,0.0,0.5,0.5,1
367,0.5,0.5,0.0,0.0,0.0,0.0,0.5,0.0,0.5,1
368,0.5,0.5,0.0,0.0,0.0,0.0,0.5,0.5,0.0,1
369,0.5,0.5,0.0,0.0,0.0,0.0,0.5,1.0,1.0,1
370,0.5,0.5,0.0,0.0,0.0,0.0,1.0,0.5,1.0,1
371,0.5,0.5,0.0,0.0,0.0,0.0,1.0,1.0,0.5,1
372,0.5,0.5,0.0,0.0,0.0,0.5,0.0,0.0,0.5,1
373,0.5,0.5,0.0,0.0,0.0,0.5,0.0,0.5,0.0,1
374,0.5,0.5,0.0,0.0,0.0,0.5,0.0,1.0,1.0,1
375,0.5,0.5,0.0,0.0,0.0,1.0,0.0,0.5,1.0,1
376,0.5,0.5,0.0,0.0,0.0,1.0,0.0,1.0,0.5,1
377,0.5,0.5,0.0,0.0,0.5,0.0,0.5,0.0,0.0,1
378,0.5,0.5,0.0,0.0,0.5,0.0,1.0,1.0,0.0,1
379,0.5,0.5,0.0,0.0,0.5,0.5,0.0,0.0,0.0,1
380,0.5,0.5,0.0,0.0,1.0,0.0,0.5,1.0,0.0,1
381,0.5,0.5,0.0,0.0,1.0,0.0,1.0,0.5,0.0,1
382,0.5,0.5,0.0,0.5,0.0,0.0,0.0,0.0,0.5,1
383,0.5,0.5,0.0,0.5,0.0,0.0,0.0,0.5,0.0,1
384,0.5,0.5,0.0,0.5,0.0,0.0,0.0,1.0,1.0,1
385,0.5,0.5,0.0,0.5,0.0,0.0,1.0,1.0,0.0,1
386,0.5,0.5,0.0,0.5,0.0,0.5,0.0,0.0,0.0,1
387,0.5,0.5,0.0,0.5,0.0,1.0,0.0,0.0,1.0,1
388,0.5,0.5,0.0,0.5,0.0,1.0,0.0,1.0,0.0,1
389,0.5,0.5,0.0,0.5,0.5,0.0,0.0,0.0,0.0,1
390,0.5,0.5,0.0,0.5,1.0,0.0,0.0,1.0,0.0,1
391,0.5,0.5,0.0,0.5,1.0,0.0,1.0,0.0,0.0,1
392,0.5,0.5,0.0,0.5,1.0,1.0,0.0,0.0,0.0,1
393,0.5,0.5,0.0,1.0,0.0,0.0,0.0,0.5,1.0,1
394,0.5,0.5,0.0,1.0,0.0,0.0,0.0,1.0,0.5,1
395,0.5,0.5,0.0,1.0,0.0,0.0,0.5,1.0,0.0,1
396,0.5,0.5,0.0,1.0,0.0,0.0,1.0,0.5,0.0,1
397,0.5,0.5,0.0,1.0,0.0,0.5,0.0,0.0,1.0,1
398,0.5,0.5,0.0,1.0,0.0,0.5,0.0,1.0,0.0,1
399,0.5,0.5,0.0,1.0,0.0,1.0,0.0,0.0,0.5,1
400,0.5,0.5,0.0,1.0,0.0,1.0,0.0,0.5,0.0,1
401,0.5,0.5,0.0,1.0,0.0,1.0,0.0,1.0,1.0,1
402,0.5,0.5,0.0,1.0,0.5,0.0,0.0,1.0,0.0,1
403,0.5,0.5,0.0,1.0,0.5,0.0,1.0,0.0,0.0,1
404,0.5,0.5,0.0,1.0,0.5,1.0,0.0,0.0,0.0,1
405,0.5,0.5,0.0,1.0,1.0,0.0,0.0,0.5,0.0,1
406,0.5,0.5,0.0,1.0,1.0,0.0,0.5,0.0,0.0,1
407,0.5,0.5,0.0,1.0,1.0,0.0,1.0,1.0,0.0,1
408,0.5,0.5,0.0,1.0,1.0,0.5,0.0,0.0,0.0,1
409,0.5,0.5,1.0,0.0,0.0,0.0,0.0,0.5,1.0,1
410,0.5,0.5,1.0,0.0,0.0,0.0,0.0,1.0,0.5,1
411,0.5,0.5,1.0,0.0,0.0,0.0,0.5,0.0,1.0,1
412,0.5,0.5,1.0,0.0,0.0,0.0,0.5,1.0,0.0,1
413,0.5,0.5,1.0,0.0,0.0,0.0,1.0,0.0,0.5,1
414,0.5,0.5,1.0,0.0,0.0,0.0,1.0,0.5,0.0,1
415,0.5,0.5,1.0,0.0,0.0,0.0,1.0,1.0,1.0,1
416,0.5,0.5,1.0,0.0,0.5,1.0,0.0,0.0,0.0,1
417,0.5,0.5,1.0,0.0,1.0,0.5,0.0,0.0,0.0,1
418,0.5,0.5,1.0,0.5,0.0,1.0,0.0,0.0,0.0,1
419,0.5,0.5,1.0,0.5,1.0,0.0,0.0,0.0,0.0,1
420,0.5,0.5,1.0,1.0,0.0,0.5,0.0,0.0,0.0,1
421,0.5,0.5,1.0,1.0,0.5,0.0,0.0,0.0,0.0,1
422,0.5,0.5,1.0,1.0,1.0,1.0,0.0,0.0,0.0,1
423,0.5,1.0,0.0,0.0,0.0,0.0,0.5,0.5,1.0,1
424,0.5,1.0,0.0,0.0,0.0,0.0,0.5,1.0,0.5,1
425,0.5,1.0,0.0,0.0,0.0,0.0,1.0,0.5,0.5,1
426,0.5,1.0,0.0,0.0,0.0,0.5,0.0,0.5,1.0,1
427,0.5,1.0,0.0,0.0,0.0,0.5,0.0,1.0,0.5,1
428,0.5,1.0,0.0,0.0,0.0,1.0,0.0,0.5,0.5,1
429,0.5,1.0,0.0,0.0,0.5,0.0,0.5,1.0,0.0,1
430,0.5,1.0,0.0,0.0,0.5,0.0,1.0,0.5,0.0,1
431,0.5,1.0,0.0,0.0,1.0,0.0,0.5,0.5,0.0,1
432,0.5,1.0,0.0,0.5,0.0,0.0,0.0,0.5,1.0,1
433,0.5,1.0,0.0,0.5,0.0,0.0,0.0,1.0,0.5,1
434,0.5,1.0,0.0,0.5,0.0,0.0,1.0,0.5,0.0,1
435,0.5,1.0,0.0,0.5,0.0,0.5,0.0,0.0,1.0,1
436,0.5,1.0,0.0,0.5,0.0,0.5,0.0,1.0,0.0,1
437,0.5,1.0,0.0,0.5,0.0,1.0,0.0,0.0,0.5,1
438,0.5,1.0,0.0,0.5,0.0,1.0,0.0,0.5,0.0,1
439,0.5,1.0,0.0,0.5,0.0,1.0,0.0,1.0,1.0,1
440,0.5,1.0,0.0,0.5,0.5,0.0,0.0,1.0,0.0,1
441,0.5,1.0,0.0,0.5,0.5,0.0,1.0,0.0,0.0,1
442,0.5,1.0,0.0,0.5,0.5,1.0,0.0,0.0,0.0,1
443,0.5,1.0,0.0,0.5,1.0,0.0,0.0,0.5,0.0,1
444,0.5,1.0,0.0,0.5,1.0,0.0,1.0,1.0,0.0,1
445,0.5,1.0,0.0,0.5,1.0,0.5,0.0,0.0,0.0,1
446,0.5,1.0,0.0,1.0,0.0,0.0,0.0,0.5,0.5,1
447,0.5,1.0,0.0,1.0,0.0,0.0,0.5,0.5,0.0,1
448,0.5,1.0,0.0,1.0,0.0,0.5,0.0,0.0,0.5,1
449,0.5,1.0,0.0,1.0,0.0,0.5,0.0,0.5,0.0,1
450,0.5,1.0,0.0,1.0,0.0,0.5,0.0,1.0,1.0,1
451,0.5,1.0,0.0,1.0,0.0,1.0,0.0,0.5,1.0,1
452,0.5,1.0,0.0,1.0,0.0,1.0,0.0,1.0,0.5,1
453,0.5,1.0,0.0,1.0,0.5,0.0,0.0,0.5,0.0,1
454,0.5,1.0,0.0,1.0,0.5,0.0,0.5,0.0,0.0,1
455,0.5,1.0,0.0,1.0,0.5,0.0,1.0,1.0,0.0,1
456,0.5,1.0,0.0,1.0,0.5,0.5,0.0,0.0,0.0,1
457,0.5,1.0,0.0,1.0,1.0,0.0,0.5,1.0,0.0,1
458,0.5,1.0,0.0,1.0,1.0,0.0,1.0,0.5,0.0,1
459,0.5,1.0,0.5,0.0,0.0,0.0,0.0,0.5,1.0,1
460,0.5,1.0,0.5,0.0,0.0,0.0,0.0,1.0,0.5,1
461,0.5,1.0,0.5,0.0,0.0,0.0,0.5,0.0,1.0,1
462,0.5,1.0,0.5,0.0,0.0,0.0,0.5,1.0,0.0,1
463,0.5,1.0,0.5,0.0,0.0,0.0,1.0,0.0,0.5,1
464,0.5,1.0,0.5,0.0,0.0,0.0,1.0,0.5,0.0,1
465,0.5,1.0,0.5,0.0,0.0,0.0,1.0,1.0,1.0,1
466,0.5,1.0,0.5,0.0,0.5,1.0,0.0,0.0,0.0,1
467,0.5,1.0,0.5,0.0,1.0,0.5,0.0,0.0,0.0,1
468,0.5,1.0,0.5,0.5,0.0,1.0,0.0,0.0,0.0,1
469,0.5,1.0,0.5,0.5,1.0,0.0,0.0,0.0,0.0,1
470,0.5,1.0,0.5,1.0,0.0,0.5,0.0,0.0,0.0,1
471,0.5,1.0,0.5,1.0,0.5,0.0,0.0,0.0,0.0,1
472,0.5,1.0,0.5,1.0,1.0,1.0,0.0,0.0,0.0,1
473,0.5,1.0,1.0,0.0,0.0,0.0,0.0,0.5,0.5,1
474,0.5,1.0,1.0,0.0,0.0,0.0,0.5,0.0,0.5,1
475,0.5,1.0,1.0,0.0,0.0,0.0,0.5,0.5,0.0,1
476,0.5,1.0,1.0,0.0,0.0,0.0,0.5,1.0,1.0,1
477,0.5,1.0,1.0,0.0,0.0,0.0,1.0,0.5,1.0,1
478,0.5,1.0,1.0,0.0,0.0,0.0,1.0,1.0,0.5,1
479,0.5,1.0,1.0,0.0,0.5,0.5,0.0,0.0,0.0,1
480,0.5,1.0,1.0,0.5,0.0,0.5,0.0,0.0,0.0,1
481,0.5,1.0,1.0,0.5,0.5,0.0,0.0,0.0,0.0,1
482,0.5,1.0,1.0,0.5,1.0,1.0,0.0,0.0,0.0,1
483,0.5,1.0,1.0,1.0,0.5,1.0,0.0,0.0,0.0,1
484,0.5,1.0,1.0,1.0,1.0,0.5,0.0,0.0,0.0,1
485,1.0,0.0,0.0,0.5,0.0,0.5,0.0,0.5,1.0,1
486,1.0,0.0,0.0,0.5,0.0,0.5,0.0,1.0,0.5,1
487,1.0,0.0,0.0,0.5,0.0,0.5,0.5,0.0,1.0,1
488,1.0,0.0,0.0,0.5,0.0,0.5,1.0,0.0,0.5,1
489,1.0,0.0,0.0,0.5,0.0,1.0,0.0,0.5,0.5,1
490,1.0,0.0,0.0,0.5,0.0,1.0,0.5,0.0,0.5,1
491,1.0,0.0,0.0,0.5,0.5,0.0,0.5,1.0,0.0,1
492,1.0,0.0,0.0,0.5,0.5,0.0,1.0,0.5,0.0,1
493,1.0,0.0,0.0,0.5,1.0,0.0,0.5,0.5,0.0,1
494,1.0,0.0,0.0,1.0,0.0,0.5,0.0,0.5,0.5,1
495,1.0,0.0,0.0,1.0,0.0,0.5,0.5,0.0,0.5,1
496,1.0,0.0,0.0,1.0,0.5,0.0,0.5,0.5,0.0,1
497,1.0,0.0,0.5,0.0,0.0,0.0,0.5,0.5,1.0,1
498,1.0,0.0,0.5,0.0,0.0,0.0,0.5,1.0,0.5,1
499,1.0,0.0,0.5,0.0,0.0,0.0,1.0,0.5,0.5,1
500,1.0,0.0,0.5,0.0,0.0,0.5,0.5,0.0,1.0,1
501,1.0,0.0,0.5,0.0,0.0,1.0,0.5,0.0,0.5,1
502,1.0,0.0,0.5,0.5,0.0,0.0,0.5,0.0,1.0,1
503,1.0,0.0,0.5,0.5,0.0,0.0,1.0,0.0,0.5,1
504,1.0,0.0,0.5,0.5,0.0,0.5,0.0,0.0,1.0,1
505,1.0,0.0,0.5,0.5,0.0,0.5,1.0,0.0,0.0,1
506,1.0,0.0,0.5,0.5,0.0,1.0,0.0,0.0,0.5,1
507,1.0,0.0,0.5,0.5,0.0,1.0,0.5,0.0,0.0,1
508,1.0,0.0,0.5,0.5,0.0,1.0,1.0,0.0,1.0,1
509,1.0,0.0,0.5,0.5,0.5,1.0,0.0,0.0,0.0,1
510,1.0,0.0,0.5,0.5,1.0,0.5,0.0,0.0,0.0,1
511,1.0,0.0,0.5,1.0,0.0,0.0,0.5,0.0,0.5,1
512,1.0,0.0,0.5,1.0,0.0,0.5,0.5,0.0,0.0,1
513,1.0,0.0,0.5,1.0,0.0,0.5,1.0,0.0,1.0,1
514,1.0,0.0,0.5,1.0,0.0,1.0,0.5,0.0,1.0,1
515,1.0,0.0,0.5,1.0,0.0,1.0,1.0,0.0,0.5,1
516,1.0,0.0,0.5,1.0,0.5,0.5,0.0,0.0,0.0,1
517,1.0,0.0,1.0,0.0,0.0,0.5,0.5,0.0,0.5,1
518,1.0,0.0,1.0,0.5,0.0,0.0,0.5,0.0,0.5,1
519,1.0,0.0,1.0,0.5,0.0,0.5,0.0,0.0,0.5,1
520,1.0,0.0,1.0,0.5,0.0,0.5,0.5,0.0,0.0,1
521,1.0,0.0,1.0,0.5,0.0,0.5,1.0,0.0,1.0,1
522,1.0,0.0,1.0,0.5,0.0,1.0,0.5,0.0,1.0,1
523,1.0,0.0,1.0,0.5,0.0,1.0,1.0,0.0,0.5,1
524,1.0,0.0,1.0,1.0,0.0,0.5,0.5,0.0,1.0,1
525,1.0,0.0,1.0,1.0,0.0,0.5,1.0,0.0,0.5,1
526,1.0,0.0,1.0,1.0,0.0,1.0,0.5,0.0,0.5,1
527,1.0,0.5,0.0,0.0,0.0,0.0,0.5,0.5,1.0,1
528,1.0,0.5,0.0,0.0,0.0,0.0,0.5,1.0,0.5,1
529,1.0,0.5,0.0,0.0,0.0,0.0,1.0,0.5,0.5,1
530,1.0,0.5,0.0,0.0,0.0,0.5,0.0,0.5,1.0,1
531,1.0,0.5,0.0,0.0,0.0,0.5,0.0,1.0,0.5,1
532,1.0,0.5,0.0,0.0,0.0,1.0,0.0,0.5,0.5,1
533,1.0,0.5,0.0,0.0,0.5,0.0,0.5,1.0,0.0,1
534,1.0,0.5,0.0,0.0,1.0,0.0,0.5,0.5,0.0,1
535,1.0,0.5,0.0,0.5,0.0,0.0,0.0,0.5,1.0,1
536,1.0,0.5,0.0,0.5,0.0,0.0,0.0,1.0,0.5,1
537,1.0,0.5,0.0,0.5,0.0,0.0,0.5,1.0,0.0,1
538,1.0,0.5,0.0,0.5,0.0,0.0,1.0,0.5,0.0,1
539,1.0,0.5,0.0,0.5,0.0,0.5,0.0,0.0,1.0,1
540,1.0,0.5,0.0,0.5,0.0,0.5,0.0,1.0,0.0,1
541,1.0,0.5,0.0,0.5,0.0,1.0,0.0,0.0,0.5,1
542,1.0,0.5,0.0,0.5,0.0,1.0,0.0,0.5,0.0,1
543,1.0,0.5,0.0,0.5,0.0,1.0,0.0,1.0,1.0,1
544,1.0,0.5,0.0,0.5,0.5,0.0,0.0,1.0,0.0,1
545,1.0,0.5,0.0,0.5,0.5,0.0,1.0,0.0,0.0,1
546,1.0,0.5,0.0,0.5,0.5,1.0,0.0,0.0,0.0,1
547,1.0,0.5,0.0,0.5,1.0,0.0,0.0,0.5,0.0,1
548,1.0,0.5,0.0,0.5,1.0,0.0,0.5,0.0,0.0,1
549,1.0,0.5,0.0,0.5,1.0,0.0,1.0,1.0,0.0,1
550,1.0,0.5,0.0,0.5,1.0,0.5,0.0,0.0,0.0,1
551,1.0,0.5,0.0,1.0,0.0,0.0,0.0,0.5,0.5,1
552,1.0,0.5,0.0,1.0,0.0,0.0,0.5,0.5,0.0,1
553,1.0,0.5,0.0,1.0,0.0,0.5,0.0,0.0,0.5,1
554,1.0,0.5,0.0,1.0,0.0,0.5,0.0,0.5,0.0,1
555,1.0,0.5,0.0,1.0,0.0,0.5,0.0,1.0,1.0,1
556,1.0,0.5,0.0,1.0,0.0,1.0,0.0,0.5,1.0,1
557,1.0,0.5,0.0,1.0,0.0,1.0,0.0,1.0,0.5,1
558,1.0,0.5,0.0,1.0,0.5,0.0,0.5,0.0,0.0,1
559,1.0,0.5,0.0,1.0,0.5,0.0,1.0,1.0,0.0,1
560,1.0,0.5,0.0,1.0,0.5,0.5,0.0,0.0,0.0,1
561,1.0,0.5,0.0,1.0,1.0,0.0,0.5,1.0,0.0,1
562,1.0,0.5,0.0,1.0,1.0,0.0,1.0,0.5,0.0,1
563,1.0,0.5,0.5,0.0,0.0,0.0,0.0,0.5,1.0,1
564,1.0,0.5,0.5,0.0,0.0,0.0,0.0,1.0,0.5,1
565,1.0,0.5,0.5,0.0,0.0,0.0,0.5,0.0,1.0,1
566,1.0,0.5,0.5,0.0,0.0,0.0,0.5,1.0,0.0,1
567,1.0,0.5,0.5,0.0,0.0,0.0,1.0,0.0,0.5,1
568,1.0,0.5,0.5,0.0,0.0,0.0,1.0,0.5,0.0,1
569,1.0,0.5,0.5,0.0,0.0,0.0,1.0,1.0,1.0,1
570,1.0,0.5,0.5,0.0,0.5,1.0,0.0,0.0,0.0,1
571,1.0,0.5,0.5,0.0,1.0,0.5,0.0,0.0,0.0,1
572,1.0,0.5,0.5,0.5,0.0,1.0,0.0,0.0,0.0,1
573,1.0,0.5,0.5,0.5,1.0,0.0,0.0,0.0,0.0,1
574,1.0,0.5,0.5,1.0,0.0,0.5,0.0,0.0,0.0,1
575,1.0,0.5,0.5,1.0,0.5,0.0,0.0,0.0,0.0,1
576,1.0,0.5,0.5,1.0,1.0,1.0,0.0,0.0,0.0,1
577,1.0,0.5,1.0,0.0,0.0,0.0,0.0,0.5,0.5,1
578,1.0,0.5,1.0,0.0,0.0,0.0,0.5,0.0,0.5,1
579,1.0,0.5,1.0,0.0,0.0,0.0,0.5,0.5,0.0,1
580,1.0,0.5,1.0,0.0,0.0,0.0,0.5,1.0,1.0,1
581,1.0,0.5,1.0,0.0,0.0,0.0,1.0,0.5,1.0,1
582,1.0,0.5,1.0,0.0,0.0,0.0,1.0,1.0,0.5,1
583,1.0,0.5,1.0,0.0,0.5,0.5,0.0,0.0,0.0,1
584,1.0,0.5,1.0,0.5,0.0,0.5,0.0,0.0,0.0,1
585,1.0,0.5,1.0,0.5,0.5,0.0,0.0,0.0,0.0,1
586,1.0,0.5,1.0,0.5,1.0,1.0,0.0,0.0,0.0,1
587,1.0,0.5,1.0,1.0,0.5,1.0,0.0,0.0,0.0,1
588,1.0,0.5,1.0,1.0,1.0,0.5,0.0,0.0,0.0,1
589,1.0,1.0,0.0,0.0,0.0,0.5,0.0,0.5,0.5,1
590,1.0,1.0,0.0,0.0,0.5,0.0,0.5,0.5,0.0,1
591,1.0,1.0,0.0,0.5,0.0,0.0,0.0,0.5,0.5,1
592,1.0,1.0,0.0,0.5,0.0,0.0,0.5,0.5,0.0,1
593,1.0,1.0,0.0,0.5,0.0,0.5,0.0,0.0,0.5,1
594,1.0,1.0,0.0,0.5,0.0,0.5,0.0,0.5,0.0,1
595,1.0,1.0,0.0,0.5,0.0,0.5,0.0,1.0,1.0,1
596,1.0,1.0,0.0,0.5,0.0,1.0,0.0,0.5,1.0,1
597,1.0,1.0,0.0,0.5,0.0,1.0,0.0,1.0,0.5,1
598,1.0,1.0,0.0,0.5,0.5,0.0,0.0,0.5,0.0,1
599,1.0,1.0,0.0,0.5,0.5,0.0,0.5,0.0,0.0,1
600,1.0,1.0,0.0,0.5,0.5,0.0,1.0,1.0,0.0,1
601,1.0,1.0,0.0,0.5,1.0,0.0,0.5,1.0,0.0,1
602,1.0,1.0,0.0,0.5,1.0,0.0,1.0,0.5,0.0,1
603,1.0,1.0,0.0,1.0,0.0,0.5,0.0,0.5,1.0,1
604,1.0,1.0,0.0,1.0,0.0,0.5,0.0,1.0,0.5,1
605,1.0,1.0,0.0,1.0,0.0,1.0,0.0,0.5,0.5,1
606,1.0,1.0,0.0,1.0,0.5,0.0,0.5,1.0,0.0,1
607,1.0,1.0,0.0,1.0,0.5,0.0,1.0,0.5,0.0,1
608,1.0,1.0,0.0,1.0,1.0,0.0,0.5,0.5,0.0,1
609,1.0,1.0,0.5,0.0,0.0,0.0,0.0,0.5,0.5,1
610,1.0,1.0,0.5,0.0,0.0,0.0,0.5,0.0,0.5,1
611,1.0,1.0,0.5,0.0,0.0,0.0,0.5,0.5,0.0,1
612,1.0,1.0,0.5,0.0,0.0,0.0,0.5,1.0,1.0,1
613,1.0,1.0,0.5,0.0,0.0,0.0,1.0,0.5,1.0,1
614,1.0,1.0,0.5,0.0,0.0,0.0,1.0,1.0,0.5,1
615,1.0,1.0,0.5,0.0,0.5,0.5,0.0,0.0,0.0,1
616,1.0,1.0,0.5,0.5,0.0,0.5,0.0,0.0,0.0,1
617,1.0,1.0,0.5,0.5,0.5,0.0,0.0,0.0,0.0,1
618,1.0,1.0,0.5,0.5,1.0,1.0,0.0,0.0,0.0,1
619,1.0,1.0,0.5,1.0,0.5,1.0,0.0,0.0,0.0,1
620,1.0,1.0,0.5,1.0,1.0,0.5,0.0,0.0,0.0,1
621,1.0,1.0,1.0,0.0,0.0,0.0,0.5,0.5,1.0,1
622,1.0,1.0,1.0,0.0,0.0,0.0,0.5,1.0,0.5,1
623,1.0,1.0,1.0,0.0,0.0,0.0,1.0,0.5,0.5,1
624,1.0,1.0,1.0,0.5,0.5,1.0,0.0,0.0,0.0,1
625,1.0,1.0,1.0,0.5,1.0,0.5,0.0,0.0,0.0,1
626,1.0,1.0,1.0,1.0,0.5,0.5,0.0,0.0,0.0,1
627,0.0,0.0,0.5,0.0,0.0,0.5,0.5,1.0,0.5,2
628,0.0,0.0,0.5,0.0,0.0,0.5,1.0,0.5,0.5,2
629,0.0,0.0,0.5,0.0,0.0,1.0,0.5,0.5,0.5,2
630,0.0,0.0,0.5,0.0,0.5,0.0,0.5,0.5,1.0,2
631,0.0,0.0,0.5,0.0,0.5,0.0,0.5,1.0,0.5,2
632,0.0,0.0,0.5,0.0,0.5,0.5,0.5,0.0,1.0,2
633,0.0,0.0,0.5,0.0,0.5,0.5,0.5,1.0,0.0,2
634,0.0,0.0,0.5,0.0,0.5,0.5,1.0,0.0,0.5,2
635,0.0,0.0,0.5,0.0,0.5,1.0,0.5,0.0,0.5,2
636,0.0,0.0,0.5,0.0,0.5,1.0,0.5,0.5,0.0,2
637,0.0,0.0,0.5,0.0,0.5,1.0,0.5,1.0,1.0,2
638,0.0,0.0,0.5,0.0,1.0,0.0,0.5,0.5,0.5,2
639,0.0,0.0,0.5,0.0,1.0,0.5,0.5,0.0,0.5,2
640,0.0,0.0,0.5,0.0,1.0,0.5,1.0,1.0,0.5,2
641,0.0,0.0,0.5,0.5,0.0,0.5,0.0,1.0,0.5,2
642,0.0,0.0,0.5,0.5,0.5,0.0,0.5,0.0,1.0,2
643,0.0,0.0,0.5,0.5,0.5,0.0,0.5,1.0,0.0,2
644,0.0,0.0,0.5,0.5,0.5,0.5,0.0,0.0,1.0,2
645,0.0,0.0,0.5,0.5,0.5,0.5,0.0,1.0,0.0,2
646,0.0,0.0,0.5,0.5,0.5,0.5,1.0,0.0,0.0,2
647,0.0,0.0,0.5,0.5,0.5,1.0,0.5,0.0,0.0,2
648,0.0,0.0,0.5,0.5,1.0,0.5,0.0,0.0,0.5,2
649,0.0,0.0,0.5,1.0,0.0,0.0,0.5,0.5,0.5,2
650,0.0,0.0,0.5,1.0,0.0,0.5,0.0,0.5,0.5,2
651,0.0,0.0,0.5,1.0,0.0,0.5,1.0,1.0,0.5,2
652,0.0,0.0,0.5,1.0,0.5,0.0,0.5,0.0,0.5,2
653,0.0,0.0,0.5,1.0,0.5,0.0,0.5,0.5,0.0,2
654,0.0,0.0,0.5,1.0,0.5,0.0,0.5,1.0,1.0,2
655,0.0,0.0,0.5,1.0,0.5,0.5,0.0,0.0,0.5,2
656,0.0,0.0,0.5,1.0,0.5,0.5,0.5,0.0,0.0,2
657,0.0,0.0,0.5,1.0,0.5,1.0,0.5,0.0,1.0,2
658,0.0,0.0,0.5,1.0,0.5,1.0,0.5,1.0,0.0,2
659,0.0,0.0,0.5,1.0,1.0,0.5,0.0,1.0,0.5,2
660,0.0,0.0,0.5,1.0,1.0,0.5,1.0,0.0,0.5,2
661,0.0,0.0,1.0,0.0,0.0,0.5,0.5,0.5,0.5,2
662,0.0,0.0,1.0,0.0,0.5,0.0,0.5,0.5,0.5,2
663,0.0,0.0,1.0,0.0,1.0,1.0,0.5,0.5,0.5,2
664,0.0,0.0,1.0,0.5,0.0,0.0,0.5,0.5,0.5,2
665,0.0,0.0,1.0,0.5,0.5,0.5,0.0,0.0,0.5,2
666,0.0,0.0,1.0,0.5,0.5,0.5,0.0,0.5,0.0,2
667,0.0,0.0,1.0,0.5,0.5,0.5,0.0,1.0,1.0,2
668,0.0,0.0,1.0,0.5,0.5,0.5,0.5,0.0,0.0,2
669,0.0,0.0,1.0,0.5,0.5,0.5,1.0,0.0,1.0,2
670,0.0,0.0,1.0,0.5,0.5,0.5,1.0,1.0,0.0,2
671,0.0,0.0,1.0,1.0,0.0,1.0,0.5,0.5,0.5,2
672,0.0,0.0,1.0,1.0,1.0,0.0,0.5,0.5,0.5,2
673,0.0,0.5,0.0,0.0,0.0,1.0,0.5,0.5,0.5,2
674,0.0,0.5,0.0,0.0,0.5,0.0,0.5,0.5,1.0,2
675,0.0,0.5,0.0,0.0,0.5,0.0,1.0,0.5,0.5,2
676,0.0,0.5,0.0,0.0,0.5,0.5,1.0,0.5,0.0,2
677,0.0,0.5,0.0,0.0,0.5,1.0,0.5,0.5,0.0,2
678,0.0,0.5,0.0,0.0,0.5,1.0,1.0,0.5,1.0,2
679,0.0,0.5,0.0,0.0,1.0,0.0,0.5,0.5,0.5,2
680,0.0,0.5,0.0,0.5,0.5,0.0,0.0,0.5,1.0,2
681,0.0,0.5,0.0,0.5,0.5,0.5,0.0,0.0,1.0,2
682,0.0,0.5,0.0,0.5,0.5,0.5,0.0,1.0,0.0,2
683,0.0,0.5,0.0,0.5,0.5,0.5,1.0,0.0,0.0,2
684,0.0,0.5,0.0,0.5,0.5,1.0,0.0,0.5,0.0,2
685,0.0,0.5,0.0,1.0,0.0,0.0,0.5,0.5,0.5,2
686,0.0,0.5,0.0,1.0,0.5,0.0,0.0,0.5,0.5,2
687,0.0,0.5,0.0,1.0,0.5,0.0,1.0,0.5,1.0,2
688,0.0,0.5,0.0,1.0,0.5,0.5,0.0,0.5,0.0,2
689,0.0,0.5,0.0,1.0,0.5,1.0,0.0,0.5,1.0,2
690,0.0,0.5,0.0,1.0,0.5,1.0,1.0,0.5,0.0,2
691,0.0,0.5,0.5,0.0,0.0,0.5,1.0,0.0,0.5,2
692,0.0,0.5,0.5,0.0,0.5,0.0,0.5,0.0,1.0,2
693,0.0,0.5,0.5,0.0,0.5,0.0,0.5,1.0,0.0,2
694,0.0,0.5,0.5,0.0,0.5,0.0,1.0,0.5,0.0,2
695,0.0,0.5,0.5,0.0,0.5,1.0,0.5,0.0,0.0,2
696,0.0,0.5,0.5,1.0,0.0,0.5,0.0,0.0,0.5,2
697,0.0,0.5,0.5,1.0,0.5,0.0,0.0,0.5,0.0,2
698,0.0,0.5,0.5,1.0,0.5,0.0,0.5,0.0,0.0,2
699,0.0,0.5,1.0,0.0,0.5,0.0,0.5,0.5,0.0,2
700,0.0,0.5,1.0,0.0,0.5,0.0,1.0,0.5,1.0,2
701,0.0,0.5,1.0,0.0,0.5,1.0,1.0,0.5,0.0,2
702,0.0,0.5,1.0,0.5,0.5,0.0,0.0,0.5,0.0,2
703,0.0,0.5,1.0,1.0,0.5,0.0,0.0,0.5,1.0,2
704,0.0,0.5,1.0,1.0,0.5,0.0,1.0,0.5,0.0,2
705,0.0,0.5,1.0,1.0,0.5,1.0,0.0,0.5,0.0,2
706,0.0,1.0,0.0,0.0,0.0,0.5,0.5,0.5,0.5,2
707,0.0,1.0,0.0,0.0,0.5,0.0,0.5,0.5,0.5,2
708,0.0,1.0,0.0,0.0,1.0,1.0,0.5,0.5,0.5,2
709,0.0,1.0,0.0,0.5,0.0,0.0,0.5,0.5,0.5,2
710,0.0,1.0,0.0,0.5,0.5,0.5,0.0,0.0,0.5,2
711,0.0,1.0,0.0,0.5,0.5,0.5,0.0,0.5,0.0,2
712,0.0,1.0,0.0,0.5,0.5,0.5,0.0,1.0,1.0,2
713,0.0,1.0,0.0,0.5,0.5,0.5,0.5,0.0,0.0,2
714,0.0,1.0,0.0,0.5,0.5,0.5,1.0,0.0,1.0,2
715,0.0,1.0,0.0,0.5,0.5,0.5,1.0,1.0,0.0,2
716,0.0,1.0,0.0,1.0,0.0,1.0,0.5,0.5,0.5,2
717,0.0,1.0,0.0,1.0,1.0,0.0,0.5,0.5,0.5,2
718,0.0,1.0,0.5,0.0,0.0,0.5,0.5,0.0,0.5,2
719,0.0,1.0,0.5,0.0,0.0,0.5,1.0,1.0,0.5,2
720,0.0,1.0,0.5,0.0,0.5,0.0,0.5,0.0,0.5,2
721,0.0,1.0,0.5,0.0,0.5,0.0,0.5,0.5,0.0,2
722,0.0,1.0,0.5,0.0,0.5,0.0,0.5,1.0,1.0,2
723,0.0,1.0,0.5,0.0,0.5,0.5,0.5,0.0,0.0,2
724,0.0,1.0,0.5,0.0,0.5,1.0,0.5,0.0,1.0,2
725,0.0,1.0,0.5,0.0,0.5,1.0,0.5,1.0,0.0,2
726,0.0,1.0,0.5,0.0,1.0,0.5,1.0,0.0,0.5,2
727,0.0,1.0,0.5,0.5,0.0,0.5,0.0,0.0,0.5,2
728,0.0,1.0,0.5,0.5,0.5,0.0,0.5,0.0,0.0,2
729,0.0,1.0,0.5,1.0,0.0,0.5,0.0,1.0,0.5,2
730,0.0,1.0,0.5,1.0,0.0,0.5,1.0,0.0,0.5,2
731,0.0,1.0,0.5,1.0,0.5,0.0,0.5,0.0,1.0,2
732,0.0,1.0,0.5,1.0,0.5,0.0,0.5,1.0,0.0,2
733,0.0,1.0,0.5,1.0,0.5,1.0,0.5,0.0,0.0,2
734,0.0,1.0,0.5,1.0,1.0,0.5,0.0,0.0,0.5,2
735,0.0,1.0,1.0,0.0,0.0,1.0,0.5,0.5,0.5,2
736,0.0,1.0,1.0,0.0,1.0,0.0,0.5,0.5,0.5,2
737,0.0,1.0,1.0,0.5,0.5,0.5,0.0,0.0,1.0,2
738,0.0,1.0,1.0,0.5,0.5,0.5,0.0,1.0,0.0,2
739,0.0,1.0,1.0,0.5,0.5,0.5,1.0,0.0,0.0,2
740,0.0,1.0,1.0,1.0,0.0,0.0,0.5,0.5,0.5,2
741,0.5,0.0,0.0,0.0,0.0,1.0,0.5,0.5,0.5,2
742,0.5,0.0,0.0,0.0,0.5,0.0,0.5,1.0,0.5,2
743,0.5,0.0,0.0,0.0,0.5,0.0,1.0,0.5,0.5,2
744,0.5,0.0,0.0,0.0,0.5,0.5,0.0,1.0,0.5,2
745,0.5,0.0,0.0,0.0,0.5,0.5,1.0,0.0,0.5,2
746,0.5,0.0,0.0,0.0,0.5,1.0,0.0,0.5,0.5,2
747,0.5,0.0,0.0,0.0,0.5,1.0,0.5,0.0,0.5,2
748,0.5,0.0,0.0,0.0,0.5,1.0,1.0,1.0,0.5,2
749,0.5,0.0,0.0,0.0,1.0,0.0,0.5,0.5,0.5,2
750,0.5,0.0,0.0,0.5,0.0,0.0,0.5,0.5,1.0,2
751,0.5,0.0,0.0,0.5,0.0,0.0,0.5,1.0,0.5,2
752,0.5,0.0,0.0,0.5,0.0,0.5,0.5,1.0,0.0,2
753,0.5,0.0,0.0,0.5,0.0,1.0,0.5,0.5,0.0,2
754,0.5,0.0,0.0,0.5,0.0,1.0,0.5,1.0,1.0,2
755,0.5,0.0,0.0,0.5,0.5,0.0,0.0,1.0,0.5,2
756,0.5,0.0,0.0,0.5,0.5,0.0,0.5,0.0,1.0,2
757,0.5,0.0,0.0,0.5,0.5,0.0,1.0,0.0,0.5,2
758,0.5,0.0,0.0,0.5,0.5,0.5,0.0,0.0,1.0,2
759,0.5,0.0,0.0,0.5,0.5,0.5,0.0,1.0,0.0,2
760,0.5,0.0,0.0,0.5,0.5,0.5,1.0,0.0,0.0,2
761,0.5,0.0,0.0,0.5,0.5,1.0,0.0,0.0,0.5,2
762,0.5,0.0,0.0,0.5,0.5,1.0,0.5,0.0,0.0,2
763,0.5,0.0,0.0,0.5,1.0,0.0,0.5,0.0,0.5,2
764,0.5,0.0,0.0,0.5,1.0,0.0,0.5,1.0,1.0,2
765,0.5,0.0,0.0,0.5,1.0,0.5,0.5,0.0,0.0,2
766,0.5,0.0,0.0,0.5,1.0,1.0,0.5,0.0,1.0,2
767,0.5,0.0,0.0,0.5,1.0,1.0,0.5,1.0,0.0,2
768,0.5,0.0,0.0,1.0,0.0,0.0,0.5,0.5,0.5,2
769,0.5,0.0,0.0,1.0,0.5,0.0,0.0,0.5,0.5,2
770,0.5,0.0,0.0,1.0,0.5,0.0,0.5,0.0,0.5,2
771,0.5,0.0,0.0,1.0,0.5,0.0,1.0,1.0,0.5,2
772,0.5,0.0,0.0,1.0,0.5,0.5,0.0,0.0,0.5,2
773,0.5,0.0,0.0,1.0,0.5,1.0,0.0,1.0,0.5,2
774,0.5,0.0,0.0,1.0,0.5,1.0,1.0,0.0,0.5,2
775,0.5,0.0,0.5,0.0,0.0,0.5,0.0,1.0,0.5,2
776,0.5,0.0,0.5,0.0,0.5,0.0,0.0,1.0,0.5,2
777,0.5,0.0,0.5,0.0,0.5,0.0,0.5,0.0,1.0,2
778,0.5,0.0,0.5,0.0,0.5,0.0,0.5,1.0,0.0,2
779,0.5,0.0,0.5,0.0,0.5,0.0,1.0,0.0,0.5,2
780,0.5,0.0,0.5,0.0,0.5,1.0,0.0,0.0,0.5,2
781,0.5,0.0,0.5,0.0,0.5,1.0,0.5,0.0,0.0,2
782,0.5,0.0,0.5,0.0,1.0,0.5,0.0,0.0,0.5,2
783,0.5,0.0,0.5,0.5,0.0,0.0,0.5,1.0,0.0,2
784,0.5,0.0,0.5,0.5,1.0,0.0,0.5,0.0,0.0,2
785,0.5,0.0,0.5,1.0,0.5,0.0,0.0,0.0,0.5,2
786,0.5,0.0,0.5,1.0,0.5,0.0,0.5,0.0,0.0,2
787,0.5,0.0,1.0,0.0,0.5,0.0,0.0,0.5,0.5,2
788,0.5,0.0,1.0,0.0,0.5,0.0,0.5,0.0,0.5,2
789,0.5,0.0,1.0,0.0,0.5,0.0,1.0,1.0,0.5,2
790,0.5,0.0,1.0,0.0,0.5,0.5,0.0,0.0,0.5,2
791,0.5,0.0,1.0,0.0,0.5,1.0,0.0,1.0,0.5,2
792,0.5,0.0,1.0,0.0,0.5,1.0,1.0,0.0,0.5,2
793,0.5,0.0,1.0,0.5,0.0,0.0,0.5,0.5,0.0,2
794,0.5,0.0,1.0,0.5,0.0,0.0,0.5,1.0,1.0,2
795,0.5,0.0,1.0,0.5,0.0,1.0,0.5,1.0,0.0,2
796,0.5,0.0,1.0,0.5,0.5,0.0,0.0,0.0,0.5,2
797,0.5,0.0,1.0,0.5,0.5,0.0,0.5,0.0,0.0,2
798,0.5,0.0,1.0,0.5,1.0,0.0,0.5,0.0,1.0,2
799,0.5,0.0,1.0,0.5,1.0,0.0,0.5,1.0,0.0,2
800,0.5,0.0,1.0,0.5,1.0,1.0,0.5,0.0,0.0,2
801,0.5,0.0,1.0,1.0,0.5,0.0,0.0,1.0,0.5,2
802,0.5,0.0,1.0,1.0,0.5,0.0,1.0,0.0,0.5,2
803,0.5,0.0,1.0,1.0,0.5,1.0,0.0,0.0,0.5,2
804,0.5,0.5,0.0,0.0,0.5,0.0,0.0,0.5,1.0,2
805,0.5,0.5,0.0,0.0,0.5,0.0,0.0,1.0,0.5,2
806,0.5,0.5,0.0,0.0,0.5,0.0,1.0,0.0,0.5,2
807,0.5,0.5,0.0,0.0,0.5,1.0,0.0,0.0,0.5,2
808,0.5,0.5,0.0,0.0,0.5,1.0,0.0,0.5,0.0,2
809,0.5,0.5,0.0,0.5,0.0,0.0,0.5,0.0,1.0,2
810,0.5,0.5,0.0,0.5,0.0,1.0,0.5,0.0,0.0,2
811,0.5,0.5,0.0,1.0,0.5,0.0,0.0,0.0,0.5,2
812,0.5,0.5,0.5,0.0,0.0,0.5,0.0,0.0,1.0,2
813,0.5,0.5,0.5,0.0,0.0,0.5,0.0,1.0,0.0,2
814,0.5,0.5,0.5,0.0,0.0,0.5,1.0,0.0,0.0,2
815,0.5,0.5,0.5,0.0,0.0,1.0,0.0,0.0,0.5,2
816,0.5,0.5,0.5,0.0,0.0,1.0,0.0,0.5,0.0,2
817,0.5,0.5,0.5,0.0,0.0,1.0,0.0,1.0,1.0,2
818,0.5,0.5,0.5,0.0,0.0,1.0,0.5,0.0,0.0,2
819,0.5,0.5,0.5,0.0,0.0,1.0,1.0,0.0,1.0,2
820,0.5,0.5,0.5,0.0,0.0,1.0,1.0,1.0,0.0,2
821,0.5,0.5,0.5,0.0,0.5,0.0,0.0,0.0,1.0,2
822,0.5,0.5,0.5,0.0,0.5,0.0,0.0,1.0,0.0,2
823,0.5,0.5,0.5,0.0,0.5,0.0,1.0,0.0,0.0,2
824,0.5,0.5,0.5,0.0,1.0,0.0,0.0,0.0,0.5,2
825,0.5,0.5,0.5,0.0,1.0,0.0,0.0,0.5,0.0,2
826,0.5,0.5,0.5,0.0,1.0,0.0,0.0,1.0,1.0,2
827,0.5,0.5,0.5,0.0,1.0,0.0,0.5,0.0,0.0,2
828,0.5,0.5,0.5,0.0,1.0,0.0,1.0,0.0,1.0,2
829,0.5,0.5,0.5,0.0,1.0,0.0,1.0,1.0,0.0,2
830,0.5,0.5,0.5,0.0,1.0,1.0,0.0,0.0,1.0,2
831,0.5,0.5,0.5,0.0,1.0,1.0,0.0,1.0,0.0,2
832,0.5,0.5,0.5,0.0,1.0,1.0,1.0,0.0,0.0,2
833,0.5,0.5,0.5,0.5,0.0,0.0,0.0,0.0,1.0,2
834,0.5,0.5,0.5,0.5,0.0,0.0,0.0,1.0,0.0,2
835,0.5,0.5,0.5,0.5,0.0,0.0,1.0,0.0,0.0,2
836,0.5,0.5,0.5,1.0,0.0,0.0,0.0,0.0,0.5,2
837,0.5,0.5,0.5,1.0,0.0,0.0,0.0,0.5,0.0,2
838,0.5,0.5,0.5,1.0,0.0,0.0,0.0,1.0,1.0,2
839,0.5,0.5,0.5,1.0,0.0,0.0,0.5,0.0,0.0,2
840,0.5,0.5,0.5,1.0,0.0,0.0,1.0,0.0,1.0,2
841,0.5,0.5,0.5,1.0,0.0,0.0,1.0,1.0,0.0,2
842,0.5,0.5,0.5,1.0,0.0,1.0,0.0,0.0,1.0,2
843,0.5,0.5,0.5,1.0,0.0,1.0,0.0,1.0,0.0,2
844,0.5,0.5,0.5,1.0,0.0,1.0,1.0,0.0,0.0,2
845,0.5,0.5,0.5,1.0,1.0,0.0,0.0,0.0,1.0,2
846,0.5,0.5,0.5,1.0,1.0,0.0,0.0,1.0,0.0,2
847,0.5,0.5,0.5,1.0,1.0,0.0,1.0,0.0,0.0,2
848,0.5,0.5,1.0,0.0,0.5,0.0,0.0,0.0,0.5,2
849,0.5,0.5,1.0,0.0,0.5,0.0,0.0,0.5,0.0,2
850,0.5,0.5,1.0,0.5,0.0,0.0,0.5,0.0,0.0,2
851,0.5,1.0,0.0,0.0,0.5,0.0,0.0,0.5,0.5,2
852,0.5,1.0,0.0,0.0,0.5,0.0,0.5,0.0,0.5,2
853,0.5,1.0,0.0,0.0,0.5,0.0,1.0,1.0,0.5,2
854,0.5,1.0,0.0,0.0,0.5,0.5,0.0,0.0,0.5,2
855,0.5,1.0,0.0,0.0,0.5,1.0,0.0,1.0,0.5,2
856,0.5,1.0,0.0,0.0,0.5,1.0,1.0,0.0,0.5,2
857,0.5,1.0,0.0,0.5,0.0,0.0,0.5,0.0,0.5,2
858,0.5,1.0,0.0,0.5,0.0,0.0,0.5,1.0,1.0,2
859,0.5,1.0,0.0,0.5,0.0,0.5,0.5,0.0,0.0,2
860,0.5,1.0,0.0,0.5,0.0,1.0,0.5,0.0,1.0,2
861,0.5,1.0,0.0,0.5,0.0,1.0,0.5,1.0,0.0,2
862,0.5,1.0,0.0,0.5,0.5,0.0,0.0,0.0,0.5,2
863,0.5,1.0,0.0,0.5,1.0,0.0,0.5,0.0,1.0,2
864,0.5,1.0,0.0,0.5,1.0,1.0,0.5,0.0,0.0,2
865,0.5,1.0,0.0,1.0,0.5,0.0,0.0,1.0,0.5,2
866,0.5,1.0,0.0,1.0,0.5,0.0,1.0,0.0,0.5,2
867,0.5,1.0,0.0,1.0,0.5,1.0,0.0,0.0,0.5,2
868,0.5,1.0,0.5,0.0,0.0,0.5,0.0,0.0,0.5,2
869,0.5,1.0,0.5,0.0,0.5,0.0,0.0,0.0,0.5,2
870,0.5,1.0,0.5,0.0,0.5,0.0,0.5,0.0,0.0,2
871,0.5,1.0,0.5,0.5,0.0,0.0,0.5,0.0,0.0,2
872,0.5,1.0,1.0,0.0,0.5,0.0,0.0,1.0,0.5,2
873,0.5,1.0,1.0,0.0,0.5,0.0,1.0,0.0,0.5,2
874,0.5,1.0,1.0,0.0,0.5,1.0,0.0,0.0,0.5,2
875,0.5,1.0,1.0,0.5,0.0,0.0,0.5,0.0,1.0,2
876,0.5,1.0,1.0,0.5,0.0,0.0,0.5,1.0,0.0,2
877,0.5,1.0,1.0,0.5,0.0,1.0,0.5,0.0,0.0,2
878,0.5,1.0,1.0,0.5,1.0,0.0,0.5,0.0,0.0,2
879,0.5,1.0,1.0,1.0,0.5,0.0,0.0,0.0,0.5,2
880,1.0,0.0,0.0,0.0,0.0,0.5,0.5,0.5,0.5,2
881,1.0,0.0,0.0,0.0,0.5,0.0,0.5,0.5,0.5,2
882,1.0,0.0,0.0,0.0,1.0,1.0,0.5,0.5,0.5,2
883,1.0,0.0,0.0,0.5,0.0,0.0,0.5,0.5,0.5,2
884,1.0,0.0,0.0,0.5,0.5,0.5,0.0,0.0,0.5,2
885,1.0,0.0,0.0,0.5,0.5,0.5,0.0,0.5,0.0,2
886,1.0,0.0,0.0,0.5,0.5,0.5,0.0,1.0,1.0,2
887,1.0,0.0,0.0,0.5,0.5,0.5,0.5,0.0,0.0,2
888,1.0,0.0,0.0,0.5,0.5,0.5,1.0,0.0,1.0,2
889,1.0,0.0,0.0,0.5,0.5,0.5,1.0,1.0,0.0,2
890,1.0,0.0,0.0,1.0,0.0,1.0,0.5,0.5,0.5,2
891,1.0,0.0,0.0,1.0,1.0,0.0,0.5,0.5,0.5,2
892,1.0,0.0,0.5,0.0,0.0,0.5,0.0,0.5,0.5,2
893,1.0,0.0,0.5,0.0,0.0,0.5,1.0,1.0,0.5,2
894,1.0,0.0,0.5,0.0,0.5,0.0,0.5,0.0,0.5,2
895,1.0,0.0,0.5,0.0,0.5,0.0,0.5,0.5,0.0,2
896,1.0,0.0,0.5,0.0,0.5,0.0,0.5,1.0,1.0,2
897,1.0,0.0,0.5,0.0,0.5,0.5,0.0,0.0,0.5,2
898,1.0,0.0,0.5,0.0,0.5,0.5,0.5,0.0,0.0,2
899,1.0,0.0,0.5,0.0,0.5,1.0,0.5,0.0,1.0,2
900,1.0,0.0,0.5,0.0,0.5,1.0,0.5,1.0,0.0,2
901,1.0,0.0,0.5,0.0,1.0,0.5,0.0,1.0,0.5,2
902,1.0,0.0,0.5,0.0,1.0,0.5,1.0,0.0,0.5,2
903,1.0,0.0,0.5,0.5,0.5,0.0,0.5,0.0,0.0,2
904,1.0,0.0,0.5,1.0,0.0,0.5,0.0,1.0,0.5,2
905,1.0,0.0,0.5,1.0,0.5,0.0,0.5,0.0,1.0,2
906,1.0,0.0,0.5,1.0,0.5,0.0,0.5,1.0,0.0,2
907,1.0,0.0,0.5,1.0,0.5,1.0,0.5,0.0,0.0,2
908,1.0,0.0,0.5,1.0,1.0,0.5,0.0,0.0,0.5,2
909,1.0,0.0,1.0,0.0,0.0,1.0,0.5,0.5,0.5,2
910,1.0,0.0,1.0,0.0,1.0,0.0,0.5,0.5,0.5,2
911,1.0,0.0,1.0,0.5,0.5,0.5,0.0,0.0,1.0,2
912,1.0,0.0,1.0,0.5,0.5,0.5,0.0,1.0,0.0,2
913,1.0,0.0,1.0,0.5,0.5,0.5,1.0,0.0,0.0,2
914,1.0,0.0,1.0,1.0,0.0,0.0,0.5,0.5,0.5,2
915,1.0,0.5,0.0,0.0,0.5,0.0,0.0,0.5,0.5,2
916,1.0,0.5,0.0,0.0,0.5,0.0,1.0,0.5,1.0,2
917,1.0,0.5,0.0,0.0,0.5,0.5,0.0,0.5,0.0,2
918,1.0,0.5,0.0,0.0,0.5,1.0,0.0,0.5,1.0,2
919,1.0,0.5,0.0,0.0,0.5,1.0,1.0,0.5,0.0,2
920,1.0,0.5,0.0,1.0,0.5,0.0,0.0,0.5,1.0,2
921,1.0,0.5,0.0,1.0,0.5,1.0,0.0,0.5,0.0,2
922,1.0,0.5,0.5,0.0,0.0,0.5,0.0,0.0,0.5,2
923,1.0,0.5,0.5,0.0,0.5,0.0,0.0,0.5,0.0,2
924,1.0,0.5,0.5,0.0,0.5,0.0,0.5,0.0,0.0,2
925,1.0,0.5,1.0,0.0,0.5,0.0,0.0,0.5,1.0,2
926,1.0,0.5,1.0,0.0,0.5,0.0,1.0,0.5,0.0,2
927,1.0,0.5,1.0,0.0,0.5,1.0,0.0,0.5,0.0,2
928,1.0,0.5,1.0,1.0,0.5,0.0,0.0,0.5,0.0,2
929,1.0,1.0,0.0,0.0,0.0,1.0,0.5,0.5,0.5,2
930,1.0,1.0,0.0,0.0,1.0,0.0,0.5,0.5,0.5,2
931,1.0,1.0,0.0,0.5,0.5,0.5,0.0,0.0,1.0,2
932,1.0,1.0,0.0,0.5,0.5,0.5,0.0,1.0,0.0,2
933,1.0,1.0,0.0,0.5,0.5,0.5,1.0,0.0,0.0,2
934,1.0,1.0,0.0,1.0,0.0,0.0,0.5,0.5,0.5,2
935,1.0,1.0,0.5,0.0,0.0,0.5,0.0,1.0,0.5,2
936,1.0,1.0,0.5,0.0,0.0,0.5,1.0,0.0,0.5,2
937,1.0,1.0,0.5,0.0,0.5,0.0,0.5,0.0,1.0,2
938,1.0,1.0,0.5,0.0,0.5,0.0,0.5,1.0,0.0,2
939,1.0,1.0,0.5,0.0,0.5,1.0,0.5,0.0,0.0,2
940,1.0,1.0,0.5,0.0,1.0,0.5,0.0,0.0,0.5,2
941,1.0,1.0,0.5,1.0,0.0,0.5,0.0,0.0,0.5,2
942,1.0,1.0,0.5,1.0,0.5,0.0,0.5,0.0,0.0,2
943,0.0,0.0,0.5,0.5,0.0,0.0,0.0,0.5,0.5,2
944,0.0,0.0,0.5,0.5,0.5,0.0,0.0,0.0,0.5,2
945,0.0,0.0,0.5,0.5,0.5,0.0,0.0,0.5,0.0,2
946,0.0,0.5,0.0,0.0,0.0,0.5,0.5,0.0,0.5,2
947,0.0,0.5,0.0,0.0,0.5,0.0,0.5,0.0,0.5,2
948,0.0,0.5,0.0,0.0,0.5,0.5,0.5,0.0,0.0,2
949,0.0,0.5,0.0,0.5,0.0,0.0,0.5,0.0,0.5,2
950,0.0,0.5,0.0,0.5,0.5,0.0,0.0,0.0,0.5,2
951,0.0,0.5,0.5,0.5,0.0,0.0,0.0,0.0,0.5,2
952,0.5,0.0,0.0,0.0,0.0,0.5,0.5,0.5,0.0,2
953,0.5,0.0,0.0,0.0,0.5,0.5,0.0,0.5,0.0,2
954,0.5,0.0,0.0,0.0,0.5,0.5,0.5,0.0,0.0,2
955,0.5,0.0,0.5,0.0,0.0,0.5,0.0,0.5,0.0,2
956,0.5,0.0,0.5,0.0,0.5,0.0,0.0,0.5,0.0,2
957,0.5,0.0,0.5,0.5,0.0,0.0,0.0,0.5,0.0,2
958,0.5,0.5,0.0,0.0,0.0,0.5,0.5,0.0,0.0,2
